id,firstname,lastname,birthdate,gender,email,phone,createdate,address,postal,city,country
1,Berny,Sibbe,1987.7.9,Male,bsibbe0@blogs.com,+86 777 625 1881,2015.10.10,1 Dakota Junction,L-8511,Bibinje,Croatia
2,Hazel,Gyse,1949.6.7,Male,hgyse1@gov.uk,+63 293 816 4045,2024.4.25,4604 Northwestern Park,2516,Owerri,Nigeria
3,Reidar,Gorner,1990.2.2,Male,rgorner2@baidu.com,+55 609 569 0205,2020.6.25,0585 La Follette Road,69281  01,Kattaqo’rg’on,Uzbekistan
4,Waverley,Gorrie,1919.11.10,Male,wgorrie3@npr.org,+55 477 447 9292,2019.12.1,7 Michigan Pass,4089,Stende,Latvia
5,Boy,Orringe,1970.4.25,Male,borringe4@csmonitor.com,+62 505 370 8219,2015.8.20,91 5th Park,11429,Huayana,Peru
6,Osgood,Mulliss,2000.5.30,Male,omulliss5@eventbrite.com,+86 551 586 9372,2022.11.14,62 Pennsylvania Way,4132,Yala,Thailand
7,Tamarah,Riddett,1903.12.3,Female,triddett6@indiegogo.com,+62 790 572 4602,2016.12.12,51677 Gerald Hill,2383,Chignayhua,Peru
8,Jammie,Conradsen,1970.2.14,Female,jconradsen7@chronoengine.com,+86 616 737 4572,2017.5.10,8930 Lakeland Junction,26191,Dębnica Kaszubska,Poland
9,Francklin,Jacobsz,2001.4.6,Male,fjacobsz8@tuttocitta.it,+52 637 748 1290,2020.6.21,43 Steensland Place,96910-000,Căuşeni,Moldova
10,Quillan,Yushin,1978.12.12,Male,qyushin9@t-online.de,+82 146 659 8236,2023.8.11,51179 Carey Street,140317,Fengtai Chengguanzhen,China
11,Flossi,Kennermann,2001.12.12,Female,fkennermanna@illinois.edu,+86 655 513 6197,2023.9.18,02 Superior Junction,7050-511,Novo-Peredelkino,Russia
12,Land,Darwen,2000.10.11,Male,ldarwenb@skype.com,+507 194 963 5763,2024.3.29,5833 Fallview Lane,423110,Landskrona,Sweden
13,Findley,Staddart,1988.9.15,Male,fstaddartc@columbia.edu,+46 814 853 2218,2018.12.24,4198 Meadow Valley Street,623050,Cabrela,Portugal
14,Julieta,Vasyukhnov,1984.10.30,Female,jvasyukhnovd@symantec.com,+58 797 535 6986,2021.7.7,49 Anhalt Lane,2519,Taichung,Taiwan
15,Sax,Lewerenz,1950.8.24,Male,slewerenze@myspace.com,+357 117 719 2641,2016.3.14,6466 Washington Plaza,88540,Curepipe,Mauritius
16,Traci,Ridwood,1965.7.24,Female,tridwoodf@dot.gov,+51 902 227 9968,2022.6.26,9 Donald Park,2425-724,Yeoju,South Korea
17,Eugine,Manktelow,1939.6.30,Female,emanktelowg@unicef.org,+46 124 588 7302,2018.3.21,7528 Elgar Avenue,60801,Tekstil’shchiki,Russia
18,Briana,Huddle,1995.5.18,Female,bhuddleh@constantcontact.com,+86 402 777 9388,2017.11.9,87 Forest Dale Point,63032  9,Na Yung,Thailand
19,Carilyn,Smiz,1941.2.24,Female,csmizi@exblog.jp,+1 452 878 4381,2016.5.11,4242 Annamark Plaza,75135,Vale de Touros,Portugal
20,Lucienne,Jirus,1937.2.19,Polygender,ljirusj@thetimes.co.uk,+92 838 815 5319,2020.12.11,4 Schiller Court,862069,Youlongchuan,China
21,Waite,Whaymand,1949.11.8,Male,wwhaymandk@wiley.com,+62 214 172 6036,2018.6.28,7 John Wall Crossing,60804,Tianchang,China
22,Shirlene,Novik,1965.5.6,Female,snovikl@reverbnation.com,+86 878 220 8046,2018.9.2,346 Sundown Junction,86020,Mengyin,China
23,Judd,Peppard,1941.9.29,Male,jpeppardm@ft.com,+267 229 746 4230,2016.2.10,25481 Monica Point,51521,Itapuí,Brazil
24,Durant,Batter,1957.7.13,Male,dbattern@reference.com,+850 605 900 6214,2018.9.5,6771 Scofield Crossing,353643,Sigou,China
25,Bar,Melland,1989.12.21,Male,bmellando@freewebs.com,+86 608 567 5523,2017.6.18,59 Rusk Lane,40160,Monastyryshche,Ukraine
26,Helen-elizabeth,Ducket,1956.9.21,Female,hducketp@who.int,+351 704 556 6559,2022.5.30,4513 Holmberg Junction,393-0001,Guyang,China
27,Augustina,Crowder,1944.6.20,Female,acrowderq@topsy.com,+81 547 771 1691,2021.7.20,01082 Bartillon Trail,17184,Bardo,Poland
28,Cacilie,Oldroyde,1938.4.2,Female,coldroyder@gnu.org,+86 983 877 2238,2019.4.26,5495 Canary Park,3244,Candelaria,Colombia
29,Abbie,Pattesall,1967.10.25,Male,apattesalls@stanford.edu,+57 662 218 9302,2022.8.3,9 Lotheville Circle,38509,Janeng,Botswana
30,Huey,Balma,1958.12.8,Male,hbalmat@mozilla.com,+86 933 121 7321,2016.5.21,39097 Hayes Street,52332,Curug,Indonesia
31,Kendre,Chainey,1965.5.14,Female,kchaineyu@uiuc.edu,+48 157 583 8473,2021.9.25,32283 Anderson Terrace,63475-000,Dřiteň,Czech Republic
32,Udell,Kobke,1920.3.13,Male,ukobkev@edublogs.org,+351 955 486 4014,2024.5.1,15 Porter Way,45680-000,Bangkle,Indonesia
33,Brigit,Alyoshin,1954.6.11,Female,balyoshinw@mlb.com,+86 403 321 6918,2017.2.22,480 Burrows Crossing,5122,Laon,France
34,Dorolisa,Sparway,1963.5.15,Female,dsparwayx@artisteer.com,+86 903 694 3419,2018.1.26,88 Heffernan Trail,85801,Roi Et,Thailand
35,Brody,Dimbylow,1998.5.17,Male,bdimbylowy@simplemachines.org,+55 356 154 7098,2016.1.24,6 Thompson Street,87900,Nonoichi,Japan
36,Keri,Purves,1967.12.24,Female,kpurvesz@dell.com,+53 626 159 6621,2019.7.23,8009 Shasta Court,5505,San Nicolás,Honduras
37,Lurette,Tresise,1931.4.3,Female,ltresise10@creativecommons.org,+7 641 362 9552,2022.3.15,1573 High Crossing Park,141850,Roczyny,Poland
38,Sylvia,Fripps,1958.7.7,Female,sfripps11@shareasale.com,+62 330 711 0940,2023.11.24,89534 Bluejay Terrace,35198-000,Maagnas,Philippines
39,Annabela,Bernucci,1906.2.24,Female,abernucci12@drupal.org,+81 788 284 7195,2017.1.21,8809 Heffernan Trail,45306,Ar Raqqah,Syria
40,Alec,Paddie,1909.8.1,Male,apaddie13@eventbrite.com,+47 447 763 8972,2015.12.14,8283 Clyde Gallagher Junction,32221,Yinla,China
41,Gradey,Penwright,1945.9.18,Male,gpenwright14@soundcloud.com,+47 189 119 0890,2016.10.20,7460 Eliot Park,L1K,Beni Khiar,Tunisia
42,Devi,Lugden,1918.8.24,Female,dlugden15@imageshack.us,+1 540 962 9260,2016.6.17,44 Ludington Road,2200,Madrid,Spain
43,Meridith,Enderson,1949.12.29,Female,menderson16@youtube.com,+353 589 840 6216,2022.7.6,18 Hintze Point,2302,Saint-Rémy-de-Provence,France
44,Yetty,Hendrichs,1985.6.16,Non-binary,yhendrichs17@vimeo.com,+381 799 806 1732,2021.1.31,9 Village Point,7309,Umbuldamar,Indonesia
45,Tadeas,Meriguet,1972.7.18,Male,tmeriguet18@ox.ac.uk,+86 536 795 1475,2021.4.23,102 Cascade Terrace,8922,Bajing,China
46,Jolee,Godbehere,1913.5.17,Genderqueer,jgodbehere19@zimbio.com,+86 879 447 8325,2017.9.7,7 Village Parkway,15500-000,Andekantor,Indonesia
47,Weider,Reach,1932.6.3,Male,wreach1a@whitehouse.gov,+86 428 239 5607,2016.7.16,153 Hazelcrest Pass,11704,Czerniewice,Poland
48,Nikki,Kenwright,1912.3.30,Female,nkenwright1b@house.gov,+86 575 636 5669,2019.9.26,35 Twin Pines Court,80045,Portão,Brazil
49,Benn,Pressman,1901.11.6,Male,bpressman1c@printfriendly.com,+7 668 990 1109,2020.4.4,34 Thierer Avenue,165500,Haibara,Japan
50,Pepillo,McLarty,1903.5.5,Male,pmclarty1d@smh.com.au,+46 453 460 6932,2023.2.28,7 American Center,132527,Barranca,Peru
51,Fleurette,Pettko,2003.12.8,Female,fpettko1e@intel.com,+62 796 536 9752,2019.7.22,79 Maple Wood Place,4023,Bessonovka,Russia
52,Dwight,Steddall,1972.4.8,Male,dsteddall1f@hhs.gov,+976 436 954 2792,2022.12.25,6905 Kenwood Drive,3027,Talldaww,Syria
53,Darcie,Askam,1937.9.18,Non-binary,daskam1g@cbc.ca,+389 577 916 0117,2017.2.25,11 Waubesa Court,13500-000,Topolná,Czech Republic
54,Aubree,Thurstance,1934.9.26,Female,athurstance1h@mozilla.org,+420 500 652 5286,2021.8.31,091 Brentwood Place,69602,Rencun,China
55,Padget,Brandenburg,2001.10.3,Male,pbrandenburg1i@shareasale.com,+86 680 650 4014,2016.8.14,62 Ronald Regan Parkway,R56,Goiânia,Brazil
56,Zabrina,Butler,1915.10.27,Female,zbutler1j@state.gov,+63 404 908 9594,2016.6.26,06403 Dennis Drive,13509,Setaka,Japan
57,Fredric,Dufour,1959.7.1,Genderqueer,fdufour1k@booking.com,+268 340 682 6126,2016.12.18,60 Gina Junction,53093,Ningzhong,China
58,Minda,Beevors,1954.3.6,Female,mbeevors1l@canalblog.com,+351 272 115 6358,2020.3.3,260 Raven Park,4645,Karangnunggal,Indonesia
59,Elston,Haisell,1969.8.8,Male,ehaisell1m@salon.com,+63 731 386 7054,2017.6.13,7163 Crest Line Avenue,141032,Huaquirca,Peru
60,Marshal,Duetschens,1998.3.9,Male,mduetschens1n@illinois.edu,+382 907 294 1454,2023.8.26,19 Memorial Junction,5244,Kalimati,Indonesia
61,Demott,Perris,1938.1.18,Male,dperris1o@csmonitor.com,+692 442 203 5975,2016.1.8,1614 Butterfield Plaza,658760,Dalkey,Ireland
62,Arvie,Lago,1953.1.20,Male,alago1p@yale.edu,+359 478 173 9881,2016.7.19,0371 Carey Way,4550-455,Rāvar,Iran
63,Karita,Iozefovich,1980.10.14,Female,kiozefovich1q@wikia.com,+48 684 850 4971,2018.3.27,8783 Brickson Park Park,25071  9,Mayisad,Haiti
64,Hubert,Brekonridge,1903.10.31,Male,hbrekonridge1r@is.gd,+62 698 488 7647,2023.1.22,65254 Daystar Junction,73173,Zarya,Russia
65,Ilyse,Wylam,1964.4.28,Female,iwylam1s@dailymotion.com,+62 949 245 7360,2020.1.26,2606 Bunker Hill Drive,6301,Brataj,Albania
66,Ophelia,Abbess,2002.4.20,Female,oabbess1t@vk.com,+63 452 103 1759,2020.9.12,48883 Springview Court,683558,Montpellier,France
67,Emmi,Gotch,1920.1.7,Female,egotch1u@tiny.cc,+63 363 435 5971,2022.12.24,1461 Scofield Lane,92019,Sabanalarga,Colombia
68,Melissa,Kidman,1918.2.1,Female,mkidman1v@state.tx.us,+504 267 424 5068,2022.7.23,259 Hanover Crossing,55184,Jiaoxiyakou,China
69,Kerby,Mathevet,1958.7.11,Male,kmathevet1w@google.es,+48 130 643 1332,2017.6.30,29795 Sunnyside Point,59992,Al Maḩallah al Kubrá,Egypt
70,Sharyl,Enos,1908.5.3,Female,senos1x@pen.io,+86 148 262 1876,2015.12.30,37436 Stephen Drive,23205,Canggou,China
71,Enoch,Rushbury,1954.2.6,Male,erushbury1y@xing.com,+54 237 164 3448,2020.7.16,04 Oak Valley Circle,603,Maloye Verevo,Russia
72,Arabel,Blowing,1978.11.17,Female,ablowing1z@google.com.au,+63 865 148 5378,2023.3.26,0134 Pierstorff Hill,3303,Guarenas,Venezuela
73,Robinson,Bradbrook,1915.5.21,Male,rbradbrook20@wired.com,+86 773 717 4446,2023.12.8,50152 Caliangt Court,28-230,Tukums,Latvia
74,Erika,Keig,1910.4.1,Female,ekeig21@boston.com,+242 591 662 2955,2016.3.6,946 Longview Avenue,2965-530,Stratónion,Greece
75,Enrika,Treweek,1912.3.15,Bigender,etreweek22@imageshack.us,+33 374 842 2522,2020.3.11,756 Toban Plaza,692175,San Isidro de Lules,Argentina
76,Flemming,Jedrasik,1935.4.20,Agender,fjedrasik23@auda.org.au,+62 387 256 8414,2019.6.4,70 Summerview Center,2029,Burnham,New Zealand
77,Graehme,Ivanyutin,1981.10.31,Male,givanyutin24@eepurl.com,+86 282 812 2792,2019.7.28,641 Arrowood Alley,1047,Harbin,China
78,Christabel,Leftley,1915.1.18,Agender,cleftley25@cnn.com,+374 288 896 2029,2023.2.21,249 Vidon Junction,43000,San Ignacio,Honduras
79,Alaster,Lambdean,1908.4.12,Male,alambdean26@smugmug.com,+64 230 808 5633,2024.3.3,1 Warbler Avenue,73122,Kudang,Indonesia
80,Tristam,Roscher,1976.4.10,Male,troscher27@sakura.ne.jp,+63 466 705 4139,2024.4.13,12645 Briar Crest Parkway,38150,Marttila,Finland
81,Stepha,Tilby,1909.12.17,Female,stilby28@hibu.com,+33 976 806 8600,2023.7.30,14288 Kropf Point,IV1,Khvatovka,Russia
82,Daphna,Klimentyev,1903.2.18,Female,dklimentyev29@google.cn,+81 790 701 7559,2016.6.6,8 Sheridan Circle,525537,Nice,France
83,Brenna,Impey,1959.4.26,Female,bimpey2a@noaa.gov,+7 219 750 9665,2016.3.7,6 Fair Oaks Center,62185,Sobreiro,Portugal
84,Papagena,Wrinch,1935.1.13,Female,pwrinch2b@cdc.gov,+62 440 363 6729,2019.6.27,96981 Maryland Crossing,67331,Saint-Paul,Reunion
85,Emmett,Izakoff,1902.1.7,Male,eizakoff2c@yellowpages.com,+47 539 270 1707,2015.10.13,9114 Dayton Place,10532,Huilong,China
86,Lethia,Biasioli,1910.7.8,Female,lbiasioli2d@furl.net,+62 203 873 6187,2017.9.1,17 Texas Lane,46980-000,Pinaring,Philippines
87,Page,Reddington,1963.11.15,Female,preddington2e@nhs.uk,+66 171 780 6519,2022.3.15,53 Holmberg Road,150208,Jan Kempdorp,South Africa
88,Ellis,Pittson,1929.10.16,Male,epittson2f@netvibes.com,+63 125 345 2144,2017.7.8,15321 Waywood Road,7522,Rios Frios,Portugal
89,Kori,Jeckell,1941.11.28,Female,kjeckell2g@skype.com,+1 238 371 4614,2017.3.27,248 Eagle Crest Way,4490-204,Putina,Peru
90,Claudia,Tineman,1996.7.30,Female,ctineman2h@elegantthemes.com,+62 468 410 0055,2022.2.1,6058 Crowley Court,59215-000,Litian,China
91,Kerwinn,Gerlack,1974.2.24,Male,kgerlack2i@so-net.ne.jp,+27 133 156 5081,2018.8.6,0886 Daystar Pass,661008,Trà Vinh,Vietnam
92,Deane,Zoane,1909.3.8,Female,dzoane2j@techcrunch.com,+63 209 873 1249,2018.7.13,85 Cherokee Drive,181370,Gryfów Śląski,Poland
93,Shaylynn,Geikie,1903.2.6,Female,sgeikie2k@cargocollective.com,+351 667 149 4193,2015.9.17,019 Pine View Plaza,526529,Stockholm,Sweden
94,Latashia,Kingscote,1986.9.20,Female,lkingscote2l@home.pl,+60 492 247 3387,2017.6.13,15 Delaware Lane,4545,Bangjun,China
95,Laird,Letten,1999.5.29,Male,lletten2m@nih.gov,+86 967 402 7108,2018.2.3,92 Hayes Hill,641642,Décines-Charpieu,France
96,Alysia,Hidderley,2003.3.31,Female,ahidderley2n@123-reg.co.uk,+505 865 703 6576,2020.5.16,2 Prentice Road,3660-410,Esquel,Argentina
97,Gardie,Dorow,1901.2.19,Male,gdorow2o@usda.gov,+86 326 197 1515,2017.4.8,761 Randy Crossing,19191,Kalabahi,Indonesia
98,Niven,Ryder,1909.4.26,Male,nryder2p@answers.com,+880 508 779 2748,2017.1.19,8 Fuller Junction,95749,San Quintin,Philippines
99,Cynthia,Standbridge,2002.5.1,Female,cstandbridge2q@shutterfly.com,+86 734 803 5191,2018.12.23,1 Loomis Way,41752,Detroit,United States
100,Benedikta,Howel,1997.9.10,Female,bhowel2r@blogtalkradio.com,+52 876 508 5845,2018.1.24,9 Dawn Center,990-0711,Anan,Japan
101,Thea,Spataro,1938.1.7,Female,tspataro2s@pcworld.com,+86 328 653 0318,2020.2.16,3422 Swallow Crossing,3318,Troparëvo,Russia
102,Letty,Coltart,1957.5.23,Female,lcoltart2t@pcworld.com,+1 785 948 3608,2018.11.1,950 Autumn Leaf Road,303014,Cibeureum,Indonesia
103,Raul,David,1912.1.1,Male,rdavid2u@xinhuanet.com,+63 380 206 8697,2018.12.19,9 Annamark Way,9704,Valbonë,Albania
104,Rollin,Basilotta,1909.7.19,Male,rbasilotta2v@comcast.net,+63 522 967 5084,2023.7.12,1 Welch Court,4602,El Corpus,Honduras
105,Brennan,Leonida,1942.5.31,Male,bleonida2w@cbslocal.com,+86 361 273 9969,2022.11.12,757 Oakridge Place,45356,Capitán Bado,Paraguay
106,Ruggiero,Verralls,1946.11.9,Male,rverralls2x@histats.com,+62 284 390 3798,2022.3.8,117 Mesta Plaza,203048,Panikihan,Philippines
107,Judi,Bulfit,1977.9.11,Female,jbulfit2y@friendfeed.com,+86 721 406 3245,2022.8.21,54 Fieldstone Court,3230,Kissónerga,Cyprus
108,Lefty,Cisec,1971.3.29,Male,lcisec2z@unc.edu,+966 726 193 8571,2021.6.30,4062 Gulseth Way,539,Alderetes,Argentina
109,Fredericka,Verey,1906.4.2,Female,fverey30@last.fm,+54 251 112 2380,2015.9.11,01 Farmco Point,74-210,Xiaocun,China
110,Bartholemy,Esche,1993.11.21,Male,besche31@ebay.co.uk,+98 241 503 9833,2016.10.12,3 Coolidge Plaza,955-0156,Plavsk,Russia
111,Reinaldo,Cicchinelli,1980.7.24,Male,rcicchinelli32@latimes.com,+380 822 163 7488,2019.4.8,99 Green Junction,42285,Takaoka,Japan
112,Hildegaard,Reckhouse,1954.7.5,Female,hreckhouse33@noaa.gov,+7 667 852 4843,2021.8.3,009 Ridgeview Park,MD-3714,Brijest,Croatia
113,Francesco,Baldacchi,1936.5.14,Male,fbaldacchi34@usgs.gov,+63 508 591 1272,2021.7.8,91 Magdeline Drive,43605,Makuyuni,Tanzania
114,Flinn,Swatridge,1926.3.13,Male,fswatridge35@amazonaws.com,+48 545 183 9879,2020.9.24,689 Union Junction,140306,Kudanding,Philippines
115,Phillipp,Wixey,1999.1.17,Male,pwixey36@dailymail.co.uk,+7 591 729 8715,2019.5.18,02 Shopko Junction,27120,Lexington,United States
116,Waylan,Dimmer,1922.2.25,Male,wdimmer37@webmd.com,+62 143 656 7072,2017.3.20,85 Main Lane,1241,Göteborg,Sweden
117,Sheela,Porrett,1936.12.5,Female,sporrett38@discuz.net,+220 598 826 7572,2020.12.31,8791 Buena Vista Alley,30343,Cocorná,Colombia
118,Virgina,Aleshkov,1962.3.7,Female,valeshkov39@huffingtonpost.com,+55 630 280 9520,2019.6.5,82 Carberry Trail,66124,Vavatenina,Madagascar
119,Allissa,Flewin,1998.1.1,Polygender,aflewin3a@stumbleupon.com,+46 649 708 4133,2016.11.22,284 Upham Parkway,J0S,Dogarmo,China
120,Bo,Awcock,2002.2.11,Male,bawcock3b@wordpress.org,+20 734 855 1218,2015.8.3,44027 Stone Corner Plaza,27374,Longkou,China
121,Leicester,Spinley,1930.10.30,Male,lspinley3c@friendfeed.com,+1 578 339 6946,2016.11.22,8376 Corben Center,665236,Granada,Spain
122,Noble,Adlam,1935.12.12,Male,nadlam3d@ehow.com,+351 875 969 8542,2021.12.15,68467 Sachs Way,85183,Kyllíni,Greece
123,Monica,Fairhurst,1932.11.17,Female,mfairhurst3e@jiathis.com,+507 277 165 9556,2016.3.10,83 Schlimgen Lane,22-670,Ndungu,Tanzania
124,Vinnie,Nutty,1998.12.21,Polygender,vnutty3f@google.pl,+374 940 220 9769,2023.3.6,2 Memorial Plaza,238530,Balad,Iraq
125,Abdel,Beckhurst,1975.1.30,Male,abeckhurst3g@xing.com,+1 255 236 0070,2020.5.29,452 Dryden Center,90020,Арачиново,Macedonia
126,Harcourt,Leacy,1934.3.2,Male,hleacy3h@vkontakte.ru,+86 590 920 3186,2017.1.3,48 Almo Trail,452800,Migrate,United States
127,Melany,McQuirter,1924.9.24,Female,mmcquirter3i@pbs.org,+55 158 359 1538,2022.1.16,6474 La Follette Pass,11768,Jandira,Brazil
128,Amby,Sunnucks,1946.11.23,Male,asunnucks3j@kickstarter.com,+994 285 168 9319,2022.5.13,2634 Mosinee Way,6008,Sol’-Iletsk,Russia
129,Reggy,Maso,1933.9.4,Male,rmaso3k@smh.com.au,+57 752 176 4219,2022.9.6,8735 Waxwing Pass,43-410,Janiuay,Philippines
130,Nickey,Brabon,1922.1.26,Male,nbrabon3l@spotify.com,+56 704 372 3538,2016.5.6,876 Nova Junction,396350,Cầu Giát,Vietnam
131,Kristien,Owens,1996.9.13,Female,kowens3m@ovh.net,+46 929 748 0086,2017.8.5,6464 Stuart Lane,75623  13,Qulaybīyah,Tunisia
132,Hal,Golborn,1981.8.7,Male,hgolborn3n@sfgate.com,+86 563 771 9657,2017.2.18,67598 Mosinee Park,171679,Debesy,Russia
133,Franky,Beeton,1966.7.6,Male,fbeeton3o@latimes.com,+33 786 126 7332,2015.11.30,29248 Hintze Street,1204,Itapipoca,Brazil
134,Lise,Trownson,1910.11.27,Female,ltrownson3p@va.gov,+46 202 265 7849,2017.3.28,3844 Clarendon Avenue,2755-025,Radekhiv,Ukraine
135,Aaren,Weins,1932.3.16,Female,aweins3q@bluehost.com,+48 225 942 6547,2020.12.3,1 Vernon Parkway,612730,London,United Kingdom
136,Thayne,Barwood,1933.7.4,Male,tbarwood3r@wsj.com,+27 174 483 7471,2021.7.26,053 High Crossing Point,32209,Riverton,New Zealand
137,Shaun,Dimitrescu,1957.10.25,Female,sdimitrescu3s@gnu.org,+46 765 737 1475,2016.1.28,046 Sundown Avenue,90190,Anka,Nigeria
138,Daryle,Brookson,2001.10.6,Male,dbrookson3t@yahoo.co.jp,+54 842 804 4662,2021.6.27,1 Washington Street,6337,Saba Yoi,Thailand
139,Janina,Mandre,1946.12.26,Female,jmandre3u@nyu.edu,+62 293 977 5969,2023.5.12,3045 Ridge Oak Place,34451,Brasília,Brazil
140,Aveline,Totterdell,1929.9.14,Female,atotterdell3v@icio.us,+7 485 852 7130,2019.8.28,81537 Truax Plaza,21322,Hongqi,China
141,Harry,Harce,1965.5.17,Male,hharce3w@hexun.com,+212 781 131 6339,2015.12.23,62022 Farwell Circle,14723,Lianghe,China
142,Marcie,Fraulo,1912.12.12,Agender,mfraulo3x@ow.ly,+52 730 379 2270,2020.4.25,2 Starling Hill,27305,Rincón,Dominican Republic
143,Jemmie,Nevet,1957.6.24,Female,jnevet3y@nationalgeographic.com,+86 171 833 7500,2022.2.22,3 Anderson Crossing,15517,Insua,Portugal
144,Patrick,Dadson,1950.8.5,Male,pdadson3z@weebly.com,+880 739 833 0362,2024.6.5,586 Green Ridge Street,68710-000,Bugis,Indonesia
145,Antone,Foyster,1974.12.28,Male,afoyster40@networkadvertising.org,+81 435 346 5648,2021.7.6,5194 East Terrace,6200,Apuri,Indonesia
146,Inger,Harp,1990.6.11,Male,iharp41@patch.com,+86 104 809 7894,2022.12.28,29 Sachs Circle,61650,San Pedro,Costa Rica
147,Amil,Tilberry,1989.9.18,Female,atilberry42@theguardian.com,+62 458 350 5326,2015.12.29,71 Magdeline Terrace,5347,Fāqūs,Egypt
148,Kin,Glanvill,1954.4.20,Male,kglanvill43@hc360.com,+51 940 400 4172,2017.11.28,2378 Mallory Parkway,30478,Matiao,Philippines
149,Marna,Jailler,1954.3.9,Female,mjailler44@feedburner.com,+48 294 910 1363,2017.11.19,06 Anzinger Road,57045  01,Remas,Albania
150,Melvin,MacMarcuis,1953.4.3,Male,mmacmarcuis45@utexas.edu,+60 496 749 0242,2021.6.25,4701 Oriole Court,35720-000,Amsterdam Oud Zuid en Rivierenbuurt,Netherlands
151,Lonee,Freake,1968.1.15,Female,lfreake46@posterous.com,+351 220 314 3736,2020.9.11,57 Bunker Hill Terrace,6139,Oyskhara,Russia
152,Bev,Copeland,1935.3.1,Female,bcopeland47@thetimes.co.uk,+33 750 529 1257,2018.6.9,6663 Roth Parkway,82190,Alençon,France
153,Valaree,Bortolomei,1960.4.30,Female,vbortolomei48@tuttocitta.it,+86 749 562 7735,2023.3.20,22895 Buena Vista Pass,63120,Gjilan,Kosovo
154,Janessa,O'Duilleain,1934.3.21,Female,joduilleain49@sakura.ne.jp,+51 496 522 8048,2021.1.29,4 Calypso Hill,32-652,Espinheira,Portugal
155,Millisent,Tolland,1934.11.10,Female,mtolland4a@simplemachines.org,+242 347 545 7494,2015.11.3,273 Prairieview Alley,877-1107,Malayal,Philippines
156,Ashton,Dandison,1951.3.2,Male,adandison4b@w3.org,+1 772 310 7282,2023.3.18,169 4th Place,67963,Lilongwe,Malawi
157,Shermie,Netherclift,2002.9.8,Male,snetherclift4c@samsung.com,+30 291 802 4106,2023.10.12,480 Laurel Alley,92660,Thị Trấn Na Hang,Vietnam
158,Karlik,Weekes,1997.8.4,Male,kweekes4d@theguardian.com,+93 241 311 1849,2020.7.14,4651 Clemons Plaza,618824,Ngurore,Nigeria
159,Shirlene,McGillreich,1945.12.12,Female,smcgillreich4e@macromedia.com,+55 472 522 5152,2015.10.14,53 Spenser Crossing,4427,Jambesari,Indonesia
160,Caresa,Freke,1976.10.28,Female,cfreke4f@skyrock.com,+86 454 842 1421,2016.12.6,25 Erie Place,69617,Urdaneta,Philippines
161,Bearnard,Meany,1970.3.31,Genderfluid,bmeany4g@about.com,+84 546 385 9960,2019.2.1,80168 Hayes Hill,10131,Cumedak,Indonesia
162,Genvieve,Stanmore,1936.7.27,Female,gstanmore4h@cisco.com,+381 243 965 6754,2017.2.6,586 Northfield Junction,C1N,Sakaiminato,Japan
163,Ben,Dunne,1931.6.3,Male,bdunne4i@hubpages.com,+51 237 781 8327,2015.9.19,401 Gateway Circle,8424,San Antonio,Mexico
164,Corrie,Hourihane,1979.11.10,Female,chourihane4j@flavors.me,+55 320 678 3076,2016.10.18,03866 Anderson Center,11104,Poigar,Indonesia
165,Bradford,Creech,1908.10.31,Male,bcreech4k@tuttocitta.it,+373 921 292 9059,2018.7.29,47510 Birchwood Drive,69406  03,Omoku,Nigeria
166,Emmott,Catonne,1923.4.21,Male,ecatonne4l@ezinearticles.com,+62 874 728 3593,2020.2.19,12836 Buhler Drive,59967,Atlanta,United States
167,Margie,Matlock,1943.11.16,Female,mmatlock4m@goo.ne.jp,+33 613 151 0357,2016.9.2,6259 Sauthoff Trail,2140-605,Dubrava,Croatia
168,Tamma,Aprahamian,1918.9.12,Female,taprahamian4n@seesaa.net,+30 299 880 6726,2023.2.8,9 Cordelia Road,06800-000,Lazaro Cardenas,Mexico
169,Hilly,Becarra,1956.11.22,Male,hbecarra4o@de.vu,+86 353 556 7054,2019.6.8,4 Golf View Street,3070-085,Bernardo Larroudé,Argentina
170,Emlynne,Bywater,1921.7.11,Female,ebywater4p@go.com,+62 163 791 2885,2016.8.30,59566 Lotheville Alley,6715,Taihe,China
171,Dew,Messager,1986.7.1,Male,dmessager4q@meetup.com,+86 118 517 4658,2023.1.20,26386 Logan Circle,7509,Zhangbei,China
172,Dyann,Dinsmore,1991.8.15,Female,ddinsmore4r@craigslist.org,+20 587 186 9845,2023.11.11,97 Eagan Park,6172,Bourges,France
173,Archibald,Bowbrick,1915.6.22,Male,abowbrick4s@acquirethisname.com,+51 208 484 3340,2023.3.17,3320 Hansons Lane,789,Cidahu,Indonesia
174,Jameson,Pickin,1944.10.8,Male,jpickin4t@reverbnation.com,+86 942 157 8984,2020.12.5,25565 Blackbird Point,90342,Bagumbayan,Philippines
175,Lani,Bothbie,1977.4.3,Bigender,lbothbie4u@cnet.com,+86 618 614 2697,2018.8.18,5 Talisman Court,1219,Angers,France
176,Korrie,Douglas,1953.8.11,Female,kdouglas4v@nbcnews.com,+502 207 526 0815,2018.10.7,524 Rigney Center,57404,Paranapanema,Brazil
177,Marybeth,Evison,1919.12.7,Female,mevison4w@github.com,+86 342 222 4215,2020.3.5,26 Thompson Alley,899-2421,Xuji,China
178,Wesley,Duffit,1918.5.3,Male,wduffit4x@cnn.com,+351 343 718 3990,2017.4.13,20894 Northland Crossing,8305,Staré Křečany,Czech Republic
179,Ferdy,Annott,1979.7.18,Male,fannott4y@utexas.edu,+63 948 720 1309,2022.1.8,79 Charing Cross Place,1009,Bañga,Philippines
180,Elise,Iacomini,2001.12.12,Female,eiacomini4z@cdc.gov,+963 165 828 7977,2024.4.25,6672 Moland Circle,818-0138,Merida,Philippines
181,Ellen,Gunston,1987.6.6,Non-binary,egunston50@booking.com,+62 767 194 3065,2023.1.1,6857 Coleman Circle,8200-434,Katrineholm,Sweden
182,Webb,Scolland,1910.11.30,Male,wscolland51@digg.com,+66 524 535 4898,2015.9.14,92111 Schmedeman Pass,925-0145,Yantang,China
183,Ferrell,Billings,1993.6.19,Male,fbillings52@weather.com,+374 251 794 5565,2022.8.30,810 Fulton Terrace,T4C,Vykhino-Zhulebino,Russia
184,Anjela,Veryan,1912.2.29,Female,averyan53@de.vu,+54 349 871 1247,2023.12.17,819 Spenser Hill,35675-000,Fengjiang,China
185,Garald,Gammack,1942.7.3,Male,ggammack54@answers.com,+7 772 751 8706,2021.11.25,158 Norway Maple Terrace,731027,Knežica,Bosnia and Herzegovina
186,Nonna,Edmondson,1981.6.6,Female,nedmondson55@slashdot.org,+81 583 657 7421,2019.1.18,827 Ramsey Crossing,27509,Hövsan,Azerbaijan
187,Maison,Dorow,1907.9.23,Male,mdorow56@pcworld.com,+86 211 765 9590,2016.8.11,4028 Thierer Court,2662,Saint-Gaudens,France
188,Cheryl,Brideaux,1943.4.1,Female,cbrideaux57@sun.com,+33 123 375 3855,2016.7.1,33973 Reindahl Crossing,663800,Huangtian,China
189,Mel,Bryett,1996.2.25,Female,mbryett58@1und1.de,+62 858 440 9365,2023.4.9,5 Grasskamp Terrace,2765-343,Xunqiao,China
190,Elliott,Londer,1995.1.20,Male,elonder59@yahoo.com,+62 683 330 5580,2023.8.28,384 Duke Alley,33024,Pļaviņas,Latvia
191,Wang,Ewenson,1925.12.19,Male,wewenson5a@nationalgeographic.com,+502 847 652 3806,2020.12.24,12793 Ruskin Point,6606,Oslo,Norway
192,Park,Hugonnet,1907.7.22,Male,phugonnet5b@mayoclinic.com,+81 667 482 2399,2024.3.8,0 Bowman Court,49300-000,Gorbatov,Russia
193,Ofelia,Lowde,2003.7.3,Female,olowde5c@biblegateway.com,+372 644 317 1280,2021.12.11,7502 Emmet Pass,87-340,La Cruz,Mexico
194,Corbie,Dallimore,1994.12.25,Male,cdallimore5d@irs.gov,+86 252 871 3074,2021.2.2,29 Rigney Center,39960-000,Moss,Norway
195,Orlan,Mebs,1926.7.21,Male,omebs5e@deviantart.com,+7 602 751 2668,2024.1.4,311 Fisk Center,78-450,Heping,China
196,Max,McDermid,1919.11.9,Male,mmcdermid5f@uiuc.edu,+371 688 334 6892,2023.7.29,2 Carpenter Avenue,43931,Damnoen Saduak,Thailand
197,Jilly,Purse,1917.5.20,Female,jpurse5g@statcounter.com,+57 109 691 0532,2023.9.9,39 Maryland Way,49500-000,Mae Sai,Thailand
198,Mirabella,Ryal,1931.6.28,Female,mryal5h@sciencedirect.com,+52 437 898 8621,2023.8.17,8 Meadow Vale Pass,2417,Yinxi,China
199,Else,Simester,1954.7.15,Agender,esimester5i@ucoz.com,+54 194 167 1623,2016.5.6,8 Warrior Way,92440,Lille,France
200,Steffie,Scanlon,1981.8.20,Female,sscanlon5j@vimeo.com,+1 134 860 5337,2015.11.15,01 Springs Point,10304,Tangzha,China
201,Benedikta,Cheyenne,1983.12.27,Female,bcheyenne5k@latimes.com,+55 881 656 4870,2021.2.1,52869 West Junction,8510,Gustavia,Saint Barthelemy
202,Lily,Impey,1946.9.12,Female,limpey5l@intel.com,+48 611 340 4300,2019.4.26,7 Canary Point,91194,Nato,Philippines
203,Thorstein,Stopford,1991.4.2,Polygender,tstopford5m@amazon.de,+54 124 184 7523,2016.4.3,547 Prentice Circle,7404,Karangmelok,Indonesia
204,Scott,Maggorini,2001.6.14,Male,smaggorini5n@cmu.edu,+54 417 174 8200,2016.8.13,965 Farmco Court,32900-000,Requena,Peru
205,Gamaliel,Brownsword,1989.6.30,Male,gbrownsword5o@alexa.com,+55 936 829 4267,2018.1.28,3478 Mitchell Center,2806,Vetlanda,Sweden
206,Duffie,Slipper,1974.9.7,Male,dslipper5p@discovery.com,+86 464 318 3141,2024.5.20,4674 Hovde Alley,52424,Linmansangan,Philippines
207,Kellen,Gullick,1978.12.16,Male,kgullick5q@abc.net.au,+86 403 495 9832,2022.1.28,63265 Spaight Place,59000-000,Zengjia,China
208,Emmy,Petrashkov,1987.12.9,Male,epetrashkov5r@phoca.cz,+1 214 369 5639,2020.6.15,4 Duke Road,43-523,Riosucio,Colombia
209,Karie,Pettinger,1986.5.24,Female,kpettinger5s@wunderground.com,+86 849 371 9058,2022.4.11,9 Corscot Junction,188370,Los Dos Caminos,Venezuela
210,Preston,Cuming,1951.8.18,Male,pcuming5t@discovery.com,+86 118 355 1139,2020.11.5,4 Canary Lane,45000,Cartagena,Chile
211,Lemmy,Pietraszek,1958.2.2,Male,lpietraszek5u@wiley.com,+55 687 245 9555,2017.3.29,725 Fair Oaks Park,1717,Terjan,Indonesia
212,Doris,Muskett,1912.8.12,Female,dmuskett5v@biglobe.ne.jp,+382 266 583 9812,2015.8.19,342 Michigan Drive,67029  1,Não Me Toque,Brazil
213,Nero,O'Keevan,1905.4.19,Male,nokeevan5w@statcounter.com,+81 439 518 2504,2024.5.4,524 Hagan Crossing,4113,Fengshan,China
214,Eduardo,Digan,1931.5.12,Male,edigan5x@ezinearticles.com,+54 845 259 5487,2017.5.14,62 Pine View Parkway,8301,Molsheim,France
215,Edvard,Beedle,1928.11.23,Male,ebeedle5y@ustream.tv,+46 220 193 3945,2019.1.18,8 Gale Alley,D04,Sasayama,Japan
216,Amalee,Eshmade,1903.2.12,Female,aeshmade5z@gizmodo.com,+33 770 842 1950,2017.5.10,17531 Homewood Point,19725,Petro-Slavyanka,Russia
217,Jobie,Hayman,1976.12.28,Female,jhayman60@biglobe.ne.jp,+7 299 417 2627,2023.10.16,0 Meadow Vale Lane,35970-000,Milanów,Poland
218,Hansiain,Marsland,1909.5.30,Male,hmarsland61@constantcontact.com,+381 954 382 6540,2017.3.9,06485 Stephen Way,G5N,Owode,Nigeria
219,Enrico,Dickenson,1999.7.3,Male,edickenson62@ftc.gov,+7 663 182 7563,2023.5.23,60410 Columbus Lane,17980-000,La Jutosa,Honduras
220,Kiele,Antonioni,1945.10.23,Female,kantonioni63@etsy.com,+7 117 700 8751,2022.4.27,255 Armistice Lane,68780-000,Mucuri,Brazil
221,Caprice,Natt,1984.1.7,Female,cnatt64@i2i.jp,+62 992 787 1554,2017.3.13,94944 Golf View Alley,2870-514,Novokuz’minki,Russia
222,Jerrie,Indruch,1923.4.29,Male,jindruch65@miitbeian.gov.cn,+62 394 116 3393,2021.11.2,2371 Stone Corner Street,692089,Jaboatão,Brazil
223,Corby,Elijah,1946.1.27,Male,celijah66@printfriendly.com,+1 214 867 9836,2017.6.18,54257 Arapahoe Plaza,4217,Bằng Lũng,Vietnam
224,Beale,Oiller,1958.7.3,Male,boiller67@dion.ne.jp,+63 551 343 8436,2018.8.18,5 Village Park,11705,Santa Ana,Guatemala
225,Shandy,Veal,1964.3.4,Female,sveal68@msn.com,+62 867 346 0989,2022.12.12,5 Heath Lane,4503,Bojong,Indonesia
226,Brena,Cruise,1977.7.5,Female,bcruise69@state.gov,+62 824 364 4857,2021.10.13,40 Bunting Way,966-0847,Touba,Ivory Coast
227,Konstanze,D'Aulby,1991.8.13,Polygender,kdaulby6a@berkeley.edu,+977 565 952 4850,2021.2.19,4688 Kim Pass,1010,Kuntong,China
228,Montague,Summerill,2001.1.11,Male,msummerill6b@discuz.net,+33 786 984 6522,2015.9.2,2859 Granby Hill,1356,Xiangzhou,China
229,Eada,Moores,2000.9.13,Female,emoores6c@tmall.com,+257 819 290 4445,2019.1.16,4604 Blackbird Park,1033,Hufang,China
230,Marcus,Minichillo,1988.10.13,Male,mminichillo6d@arizona.edu,+86 747 563 9784,2023.12.3,74 Brentwood Junction,7202,Pingqiao,China
231,Burt,Patience,1959.7.25,Male,bpatience6e@people.com.cn,+1 504 896 1922,2016.7.27,342 Ohio Hill,21304,Saint-Jean-de-Monts,France
232,Susie,Dymocke,1955.8.25,Female,sdymocke6f@lycos.com,+33 238 102 5179,2018.4.21,0758 Di Loreto Street,95334,Lahat,Indonesia
233,Darcee,Vinson,1901.6.28,Bigender,dvinson6g@pbs.org,+62 209 888 4185,2019.5.14,6549 Tennyson Terrace,5309,General Levalle,Argentina
234,Basil,O' Concannon,1980.11.23,Male,boconcannon6h@discuz.net,+62 620 977 4469,2021.4.28,846 Longview Drive,34-460,Jubao,China
235,Hunt,Gerhold,1949.7.8,Male,hgerhold6i@1688.com,+63 874 645 1420,2017.10.5,284 Little Fleur Circle,39204,Yauca,Peru
236,Mirabella,Zupo,1990.6.25,Female,mzupo6j@unesco.org,+30 729 985 0703,2021.10.12,9 Gateway Way,7630,Siaton,Philippines
237,Helyn,Burnyeat,1924.10.4,Bigender,hburnyeat6k@google.com.hk,+63 623 226 2503,2019.8.31,182 1st Place,10137,Zhongxinqiao,China
238,Rycca,Lingfoot,1989.3.15,Female,rlingfoot6l@icio.us,+7 184 675 3724,2019.1.13,5 Kenwood Parkway,E5S,Gozdnica,Poland
239,Gordan,Basnett,1931.9.7,Male,gbasnett6m@home.pl,+994 215 552 8851,2015.12.13,272 Dawn Hill,7404,San Luis del Palmar,Argentina
240,Thorpe,MacMenamie,1912.12.17,Male,tmacmenamie6n@youtu.be,+380 650 130 3009,2015.10.6,1 Pawling Alley,05-540,Pontal,Brazil
241,Sholom,Hethron,1941.10.29,Male,shethron6o@tmall.com,+7 130 831 5690,2023.12.1,213 Atwood Place,87-410,Divichibazar,Azerbaijan
242,Ysabel,Abramson,1998.10.5,Female,yabramson6p@pcworld.com,+86 289 446 9913,2019.9.24,3480 Laurel Park,4689,Cabo,Brazil
243,Tallie,Chrishop,1917.8.16,Male,tchrishop6q@who.int,+232 437 417 5208,2018.3.14,3 Starling Street,6821,Yongyang,China
244,Karlyn,Megarrell,1994.11.17,Female,kmegarrell6r@oakley.com,+62 976 748 6194,2023.10.13,70568 Loomis Parkway,60224,Terney,Russia
245,Diannne,Linsley,1990.1.8,Female,dlinsley6s@si.edu,+47 366 233 0211,2017.5.24,79 Cherokee Avenue,58300-000,Hanamaki,Japan
246,Mair,Beaulieu,1971.10.29,Female,mbeaulieu6t@yellowbook.com,+351 790 809 8911,2019.2.15,68980 Sage Terrace,34-236,São Tomé,Sao Tome and Principe
247,Aldo,Littley,2000.6.26,Male,alittley6u@howstuffworks.com,+62 376 945 1358,2018.1.11,9 Bonner Circle,306824,Jīwani,Pakistan
248,Winni,Richley,1933.6.29,Female,wrichley6v@fema.gov,+967 265 815 3211,2022.7.5,6 Longview Court,B9A,Acobamba,Peru
249,Hilary,Mully,1935.11.21,Female,hmully6w@squidoo.com,+353 305 190 9978,2017.4.11,61 Del Sol Circle,60000,Semampir,Indonesia
250,Whitman,Merkel,1953.3.9,Male,wmerkel6x@nsw.gov.au,+86 559 845 4285,2020.11.8,0809 Loftsgordon Road,31004  6,Tengah,Indonesia
251,Mab,Kirman,1952.2.2,Female,mkirman6y@china.com.cn,+976 709 565 0309,2022.10.11,42780 Arapahoe Avenue,66110,Bang Kruai,Thailand
252,Vi,Clift,1902.8.19,Female,vclift6z@seesaa.net,+61 907 647 2816,2015.11.23,98 Tennyson Avenue,822,Memaliaj,Albania
253,Hogan,Barhams,1925.4.9,Genderqueer,hbarhams70@goodreads.com,+86 706 385 2860,2022.10.7,50 Schmedeman Terrace,81700,Kholm,Russia
254,Alexandre,Croizier,1940.12.6,Male,acroizier71@wix.com,+55 738 280 5879,2017.12.7,0295 Prentice Pass,12148,Alberton,Canada
255,Kendal,Stroyan,1931.1.25,Male,kstroyan72@naver.com,+7 956 951 3897,2019.8.6,18 Pepper Wood Alley,61232,Limanowa,Poland
256,Sherwynd,Fitzjohn,1928.6.24,Non-binary,sfitzjohn73@zimbio.com,+57 706 987 7390,2018.9.28,1 Eagle Crest Plaza,42130,Novyye Cherëmushki,Russia
257,Corri,Petersen,1986.6.26,Female,cpetersen74@upenn.edu,+380 444 918 4097,2022.11.4,6 Tony Circle,35252,Shi’ao,China
258,Catharina,Varfolomeev,1907.4.9,Female,cvarfolomeev75@ezinearticles.com,+62 629 216 1820,2018.3.14,5189 Mallory Avenue,3636,Qiaozhuang,China
259,Obadias,Sheerin,1958.5.20,Male,osheerin76@businessinsider.com,+380 398 372 1708,2024.4.28,90 Red Cloud Park,309060,Shuntian,China
260,Ahmed,Bollis,1960.9.23,Male,abollis77@fema.gov,+967 229 355 7642,2016.7.28,466 Schlimgen Way,15500,Tycheró,Greece
261,Katine,Suggate,1940.11.7,Agender,ksuggate78@reddit.com,+48 379 167 2873,2022.5.30,88 Erie Center,83-212,Valerianovsk,Russia
262,Johny,Noller,1937.3.2,Male,jnoller79@miitbeian.gov.cn,+27 368 944 5115,2015.12.2,7 Spenser Street,462401,Tadrart,Morocco
263,Riobard,Colling,1993.6.2,Male,rcolling7a@cafepress.com,+51 995 672 9236,2022.6.27,72 Brickson Park Circle,5806,Val-d'Or,Canada
264,Isidoro,Shellsheere,1979.6.4,Male,ishellsheere7b@symantec.com,+62 165 444 2690,2019.4.12,2010 Sunfield Court,6131,Bataiporã,Brazil
265,Cyndie,Comins,1921.7.26,Female,ccomins7c@creativecommons.org,+62 906 237 7065,2015.8.26,0641 Mallory Place,321-2342,Annecy,France
266,Perry,Mulholland,1909.8.5,Polygender,pmulholland7d@senate.gov,+86 839 345 8385,2023.10.31,35403 Chive Point,86130-000,Zdenci,Croatia
267,Charles,McDavitt,1994.9.29,Male,cmcdavitt7e@cargocollective.com,+86 610 808 5981,2017.3.24,21194 Menomonie Pass,4890-011,Munsan,South Korea
268,Juline,Coldbreath,1937.5.22,Female,jcoldbreath7f@google.com.au,+998 947 317 5771,2024.5.8,3 Ramsey Circle,2671,Zhuyeping,China
269,Natividad,Nussen,1954.12.9,Female,nnussen7g@unesco.org,+63 204 515 5884,2022.4.28,5743 Evergreen Avenue,140093,Leipzig,Germany
270,Bald,Wigin,1983.12.6,Male,bwigin7h@geocities.com,+7 260 754 0864,2017.11.8,1964 Stephen Street,92924,Foz Sousa,Portugal
271,Bart,Romanet,1932.11.30,Male,bromanet7i@slashdot.org,+86 625 253 5426,2015.7.1,92041 Springs Court,78962,Åmål,Sweden
272,Emile,Reedie,1906.3.2,Male,ereedie7j@ovh.net,+63 415 468 5242,2018.9.6,8 Mesta Junction,12000-000,Tanzhou,China
273,Ulises,Paty,1918.3.16,Male,upaty7k@meetup.com,+48 218 117 6623,2019.1.5,379 Graedel Pass,692980,Krajan,Indonesia
274,Dulcinea,Maddra,1962.6.29,Female,dmaddra7l@bloomberg.com,+62 260 589 6613,2022.2.16,405 Fremont Alley,P7L,Costa Nova do Prado,Portugal
275,Berkie,Strattan,1940.9.19,Male,bstrattan7m@howstuffworks.com,+54 713 222 8618,2018.8.20,736 Bay Parkway,949-8612,Yonglong,China
276,Durand,Ludovico,1931.7.23,Male,dludovico7n@deviantart.com,+33 657 598 4603,2018.6.7,08987 Moland Plaza,259-0157,Santa Cruz,Philippines
277,Lyssa,Queyeiro,1998.1.23,Genderqueer,lqueyeiro7o@privacy.gov.au,+63 682 217 0249,2023.9.11,226 Division Center,93883,Sápes,Greece
278,Golda,Wixey,1976.5.30,Female,gwixey7p@amazon.de,+1 571 614 9793,2016.5.30,488 Heath Plaza,7023,Unquillo,Argentina
279,Brooks,Lemin,1913.3.6,Male,blemin7q@bloglovin.com,+86 974 409 2707,2018.7.6,78163 Havey Pass,5815,Liugou,China
280,Richardo,Allott,1917.6.25,Male,rallott7r@diigo.com,+86 322 429 5086,2021.5.30,35 8th Street,658343,Perdões,Brazil
281,Gordie,Chinn,1957.3.21,Male,gchinn7s@storify.com,+86 500 202 9752,2018.4.16,1 Lyons Plaza,4905-266,Kotovs’k,Ukraine
282,Octavius,Kleinplatz,1941.12.7,Male,okleinplatz7t@merriam-webster.com,+55 624 655 7182,2018.11.13,1 Fulton Trail,2559,La Esperanza,Mexico
283,Eldredge,Boome,1989.5.22,Male,eboome7u@taobao.com,+62 158 941 3040,2022.8.8,595 Onsgard Junction,74944,Glugur Krajan,Indonesia
284,Charmaine,Hynes,1968.8.1,Female,chynes7v@nyu.edu,+7 763 407 3856,2024.5.20,9 Division Court,614551,Bunder,Indonesia
285,Hanna,Graeber,1988.12.6,Agender,hgraeber7w@theglobeandmail.com,+1 153 989 1670,2020.8.6,16 Eastlawn Street,82631,San Jose,Mexico
286,Ignace,Steffens,1989.5.14,Male,isteffens7x@rakuten.co.jp,+256 183 465 9464,2021.9.17,24 Westend Plaza,188674,Bonanza,Nicaragua
287,Jacquenette,Stearnes,1948.12.14,Non-binary,jstearnes7y@sakura.ne.jp,+255 331 566 1092,2023.4.2,36152 Crowley Trail,20337,Laâyoune / El Aaiún,Western Sahara
288,Kimball,Olenchikov,1942.1.22,Male,kolenchikov7z@webs.com,+263 963 170 5873,2018.5.25,30 Ramsey Center,6185-302,Lacabamba,Peru
289,Benedikt,Kearney,1934.8.4,Male,bkearney80@cbc.ca,+45 479 830 6070,2020.1.9,14 Fulton Parkway,45296,Campo Largo,Argentina
290,Guss,Rozet,1930.2.25,Male,grozet81@amazon.co.uk,+62 103 644 4719,2019.9.27,709 Lawn Crossing,32-020,Kharabali,Russia
291,Howie,Allwood,1914.6.5,Male,hallwood82@sciencedirect.com,+62 153 327 2208,2017.6.4,7 Lakewood Street,96200-000,Guisguis,Philippines
292,Bobbi,Frondt,1904.11.17,Female,bfrondt83@mail.ru,+62 369 663 2426,2023.1.25,485 Killdeer Terrace,3317,Longxi,China
293,Anni,Collick,1909.9.19,Female,acollick84@symantec.com,+30 211 311 4332,2021.6.10,510 Packers Court,75853  17,Pushkino,Russia
294,Brigham,Ballin,1900.7.9,Male,bballin85@msn.com,+63 951 715 6109,2023.1.16,6754 Oriole Point,4950-102,Três Passos,Brazil
295,Pammi,Killen,1923.1.31,Agender,pkillen86@bloglines.com,+7 573 172 2501,2022.7.15,2719 Raven Way,94970,Vose’,Tajikistan
296,Brittne,Maulden,1923.8.24,Female,bmaulden87@dailymotion.com,+86 147 192 0675,2015.11.21,2615 Helena Plaza,78967-800,Colca,Peru
297,Niven,MacGarvey,1970.4.14,Male,nmacgarvey88@artisteer.com,+55 783 399 4519,2017.12.30,7255 Bluestem Point,142052,Nanhe,China
298,Allyn,Doust,1987.12.21,Female,adoust89@smugmug.com,+48 302 367 4836,2017.9.24,894 Mifflin Way,15188,Denglong,China
299,Webb,Mogford,1982.8.5,Male,wmogford8a@biblegateway.com,+7 714 941 0062,2021.6.7,7189 Golf View Crossing,26340,Nara-shi,Japan
300,Shannah,Alderton,1913.11.28,Female,salderton8b@joomla.org,+86 356 283 1659,2021.12.2,9934 Arrowood Junction,9303,San Jose,Philippines
301,Brittan,McFetrich,1917.3.29,Female,bmcfetrich8c@auda.org.au,+47 173 288 5105,2017.3.9,46656 Grayhawk Trail,69928-000,Baltasar Brum,Uruguay
302,Clarke,Beauly,1910.1.10,Male,cbeauly8d@pcworld.com,+7 272 187 5702,2015.10.26,69572 3rd Parkway,33731,Zhouzhuang,China
303,Corri,Roddam,1980.10.8,Female,croddam8e@yellowpages.com,+86 562 191 0523,2017.10.24,0 Carioca Alley,959-2073,Hanlin,China
304,Tanney,Stanway,1917.2.21,Male,tstanway8f@shop-pro.jp,+237 829 131 9791,2021.11.8,89215 Anniversary Parkway,2805,Awka,Nigeria
305,Farand,Aumerle,1925.4.25,Female,faumerle8g@weibo.com,+420 910 796 4925,2019.4.13,82 Melby Terrace,9960,Rosa Zarate,Ecuador
306,Krista,Prujean,1970.5.9,Female,kprujean8h@alexa.com,+51 486 818 9441,2022.6.1,33004 Nelson Terrace,9002,Macieira de Rates,Portugal
307,Heriberto,Estable,1972.11.18,Male,hestable8i@meetup.com,+371 693 251 4838,2017.1.23,05 Melby Court,37253,San Miguel,Mexico
308,Ninetta,Brotheridge,1918.4.26,Female,nbrotheridge8j@discovery.com,+52 871 235 9015,2015.12.19,73903 Union Trail,31914,Sapu Padidu,Philippines
309,Rurik,Tolossi,1964.10.13,Male,rtolossi8k@dell.com,+86 437 686 4807,2020.9.28,3888 Old Gate Hill,347743,Cao Thượng,Vietnam
310,Kennith,Diffley,1983.6.14,Male,kdiffley8l@lulu.com,+351 322 783 1762,2017.8.2,9 Lighthouse Bay Pass,4874,Buga,Philippines
311,Fayth,Lie,1924.2.15,Female,flie8m@wired.com,+351 766 735 4356,2019.12.27,471 Bunting Park,4315,Marseille,France
312,Puff,Yegorkin,2002.4.7,Male,pyegorkin8n@joomla.org,+687 988 952 5859,2022.8.9,3505 Blackbird Hill,668010,Piracaia,Brazil
313,Margret,Robbert,1979.9.14,Female,mrobbert8o@amazonaws.com,+46 409 199 9790,2021.10.8,7855 Kennedy Street,2260-114,Lanxi,China
314,Ashely,Alpin,1975.10.31,Female,aalpin8p@desdev.cn,+52 433 453 2826,2017.1.9,2 Macpherson Alley,96970,Huangshi,China
315,Yolanda,Staite,2000.12.12,Female,ystaite8q@themeforest.net,+506 379 253 2782,2023.4.9,64554 Northport Road,6012,Beizhakou,China
316,Vail,Lincey,1911.1.5,Male,vlincey8r@comsenz.com,+33 380 100 5559,2016.6.6,862 Hazelcrest Junction,12464,Mastung,Pakistan
317,Richmond,Orriss,1957.5.31,Male,rorriss8s@theglobeandmail.com,+234 691 468 1702,2020.12.31,37727 Vernon Avenue,14300,Kosai-shi,Japan
318,Milissent,Sprulls,1998.11.13,Female,msprulls8t@hhs.gov,+1 678 688 1268,2019.4.22,6354 Calypso Way,SVR,Metz,France
319,Umeko,Mathouse,1903.4.25,Female,umathouse8u@eventbrite.com,+57 952 981 2234,2023.7.5,8270 Northwestern Crossing,92736,Jayapura,Indonesia
320,Lark,Salliss,1998.2.6,Female,lsalliss8v@bandcamp.com,+81 922 501 2005,2019.9.7,17 Ilene Parkway,50592,Karditsomagoúla,Greece
321,Gerianna,Weitzel,1910.10.6,Female,gweitzel8w@wikispaces.com,+33 170 531 5334,2021.2.12,72 Anhalt Alley,9202,Kut Chum,Thailand
322,Deva,Blumsom,1927.5.28,Female,dblumsom8x@technorati.com,+54 826 794 0048,2022.7.22,4 Hollow Ridge Circle,34160,Montelíbano,Colombia
323,Gallagher,Attridge,1950.4.7,Male,gattridge8y@nih.gov,+55 451 465 3075,2015.11.8,1 Jackson Pass,5196,Bendungan,Indonesia
324,Chic,Glide,1920.1.4,Male,cglide8z@freewebs.com,+48 583 560 3790,2019.9.21,676 Autumn Leaf Road,658810,Blangpulo,Indonesia
325,Clement,Endley,1926.12.29,Male,cendley90@goo.gl,+55 883 218 6097,2023.12.23,8827 Debra Alley,31704,Kadusimbar,Indonesia
326,Husain,Ridgwell,1940.4.30,Male,hridgwell91@usa.gov,+381 693 606 3403,2021.7.16,9571 Colorado Court,1201,Purificación,Colombia
327,Smith,Inkpen,2000.7.26,Non-binary,sinkpen92@t.co,+66 106 355 2867,2018.5.15,00 Everett Junction,286,Chernivtsi,Ukraine
328,Payton,Braund,1959.9.11,Male,pbraund93@irs.gov,+86 436 548 8024,2016.2.17,2 Arrowood Plaza,6517,Itabaianinha,Brazil
329,Averell,Goudard,1985.7.11,Male,agoudard94@mtv.com,+62 117 126 5377,2021.10.30,28 Eastlawn Court,39200,San Rafael,Philippines
330,Jessa,Laughrey,1914.12.15,Female,jlaughrey95@unicef.org,+46 997 760 8131,2023.6.22,4 Transport Parkway,89141,Huangmei,China
331,Berry,Ryde,2000.5.10,Genderqueer,bryde96@opera.com,+502 890 597 1675,2019.2.4,6 Independence Place,76310-000,Roanne,France
332,Edgard,Currin,1989.3.19,Male,ecurrin97@ibm.com,+381 303 916 0813,2024.2.4,4 Springview Avenue,BZN,Yangcun,China
333,Dev,Kaiser,1906.8.12,Male,dkaiser98@discovery.com,+57 289 433 7111,2020.7.23,5001 Memorial Drive,35590-000,Mölndal,Sweden
334,Guglielmo,Eagleston,1908.8.23,Male,geagleston99@rediff.com,+86 292 112 6715,2017.10.7,1512 Raven Junction,83-047,Merklín,Czech Republic
335,Manuel,Esparza,1994.9.20,Male,mesparza9a@unc.edu,+55 725 344 1217,2023.3.8,82079 Donald Alley,2655-425,Quimbaya,Colombia
336,Leshia,Castella,1914.7.7,Female,lcastella9b@washington.edu,+972 744 979 5014,2016.10.5,39 Jay Trail,88300-000,Tabon,Philippines
337,Christie,Gronowe,1905.9.8,Female,cgronowe9c@upenn.edu,+351 231 160 3076,2023.1.14,1968 American Ash Lane,67-120,São Marcos da Serra,Portugal
338,Lulu,Syred,1937.10.25,Female,lsyred9d@wisc.edu,+30 669 522 0353,2017.7.26,91 Crowley Road,29094,Kedrovoye,Russia
339,Rabbi,Vaskov,1911.3.10,Male,rvaskov9e@google.com.br,+420 183 968 2379,2019.12.4,16624 Lerdahl Place,39930,Thị Trấn Thọ Xuân,Vietnam
340,Allyn,Howieson,1903.6.6,Male,ahowieson9f@nationalgeographic.com,+998 513 697 5495,2017.12.13,7511 High Crossing Center,74172,Xigou,China
341,Elliott,Tilne,1980.4.9,Male,etilne9g@ted.com,+351 294 578 2395,2016.3.10,46 Upham Pass,2400-013,Pampierstad,South Africa
342,Marrilee,Havik,1965.3.17,Female,mhavik9h@china.com.cn,+63 280 220 3215,2024.5.26,1 Bayside Lane,35-959,Skien,Norway
343,Kenn,Pring,1942.7.28,Male,kpring9i@nasa.gov,+86 730 847 4396,2023.7.3,860 Loeprich Court,32505,Saint Louis,United States
344,Gherardo,Semered,1966.10.23,Polygender,gsemered9j@icq.com,+355 800 543 9210,2016.7.12,833 Mesta Junction,169240,Zaqatala,Azerbaijan
345,Rachele,O' Concannon,2003.7.28,Non-binary,roconcannon9k@comcast.net,+972 630 507 8782,2020.9.28,9556 Ridgeway Parkway,34534,Babakankadu,Indonesia
346,Wenonah,Spridgen,1961.9.14,Female,wspridgen9l@webeden.co.uk,+86 939 337 2841,2024.3.17,2681 Petterle Alley,57-250,Lagoaça,Portugal
347,Marie-jeanne,Sommerville,1928.5.25,Female,msommerville9m@cdc.gov,+31 198 358 0409,2016.8.9,6 Bellgrove Lane,93120,Babat,Indonesia
348,Sigismond,Hansbury,1914.3.3,Male,shansbury9n@weather.com,+503 348 572 7947,2023.12.8,02 Calypso Junction,4124,Shangdongjie,China
349,Lorrayne,Boswell,1978.11.7,Female,lboswell9o@furl.net,+387 241 384 9462,2019.8.14,84 Johnson Crossing,2435-609,Tayang,China
350,Rania,Groome,2004.11.24,Female,rgroome9p@sohu.com,+93 961 964 2449,2019.9.3,0775 Claremont Parkway,5461,Huyuan,China
351,Caro,Quinane,1959.12.15,Female,cquinane9q@state.gov,+66 608 962 9821,2022.10.30,501 Hanover Drive,10252,Wanurian,Indonesia
352,Lydia,Besnard,1928.7.9,Non-binary,lbesnard9r@adobe.com,+33 116 721 5055,2017.9.5,5 Onsgard Circle,95210,Columbia,United States
353,Nickey,Lowndsbrough,1975.8.8,Male,nlowndsbrough9s@macromedia.com,+52 706 665 3439,2018.6.15,3 Scott Street,77299,Chengxi,China
354,Katey,Dunstan,1986.5.15,Female,kdunstan9t@linkedin.com,+7 249 908 8513,2017.8.27,0 Waxwing Point,40432,Outeiro,Portugal
355,Cori,Follows,1961.9.24,Genderfluid,cfollows9u@reference.com,+86 208 582 5635,2020.5.14,20 Gina Center,33699,Jiuhua,China
356,Winnie,Ricard,1967.12.8,Female,wricard9v@illinois.edu,+81 106 689 8327,2017.2.23,3 Summer Ridge Terrace,95098,Koshki,Russia
357,Shane,Caldaro,1930.4.22,Male,scaldaro9w@umn.edu,+380 315 502 2366,2017.7.2,102 Di Loreto Trail,88-210,Nueve de Julio,Argentina
358,Aguste,Johnke,1928.8.22,Male,ajohnke9x@wikipedia.org,+62 144 188 9813,2023.10.11,9 Sutteridge Way,6904,Zuobude,China
359,Grant,Tommasuzzi,1967.5.12,Male,gtommasuzzi9y@smugmug.com,+356 341 749 5264,2020.12.5,4 Dottie Lane,544529,Burunday,Kazakhstan
360,Quentin,Lisimore,1977.11.2,Genderqueer,qlisimore9z@domainmarket.com,+504 168 520 7153,2021.1.13,12 Carioca Road,3201,Chornobay,Ukraine
361,Jolyn,Hedaux,1989.10.21,Female,jhedauxa0@e-recht24.de,+236 939 387 5415,2020.3.13,3 Oak Trail,74744,Itaituba,Brazil
362,Ainsley,Lytle,1927.4.26,Female,alytlea1@parallels.com,+27 328 718 1135,2015.11.8,499 Lakewood Gardens Junction,21006,Hovtashen,Armenia
363,Madalyn,Schleswig-Holstein,1963.9.19,Female,mschleswigholsteina2@boston.com,+86 622 991 1932,2019.6.30,5 Moulton Center,95650-000,Magomeni,Tanzania
364,Madison,Sans,1976.8.1,Male,msansa3@printfriendly.com,+55 753 576 1079,2021.1.1,4 Heffernan Way,83433,Velké Svatoňovice,Czech Republic
365,Consuela,Holdron,1969.9.16,Female,choldrona4@cnet.com,+507 882 596 4581,2023.1.30,230 Summit Crossing,5708,Ferreira do Zêzere,Portugal
366,Hadleigh,Mulhill,1947.4.20,Male,hmulhilla5@wix.com,+81 662 413 2560,2022.1.6,45 Anhalt Trail,47-232,Nusajaya,Malaysia
367,Virgie,Ashdown,1977.10.30,Non-binary,vashdowna6@so-net.ne.jp,+7 349 916 4224,2020.11.12,6374 Fair Oaks Terrace,34010,Świdnica,Poland
368,Briney,Antonio,1908.8.13,Female,bantonioa7@eventbrite.com,+7 201 995 7988,2017.3.27,450 Michigan Park,93773,Myitkyina,Myanmar
369,Salomone,Epton,1977.7.7,Polygender,septona8@yale.edu,+63 172 219 8307,2021.8.8,4094 Ridgeway Trail,9209,Daluo,China
370,Rosemary,Longthorn,1906.8.29,Female,rlongthorna9@pinterest.com,+86 352 855 9499,2018.3.5,328 Butternut Place,63804,Santa Lucía Cotzumalguapa,Guatemala
371,Sarah,Carty,1977.1.12,Female,scartyaa@163.com,+48 501 478 5270,2021.9.22,635 Eastlawn Place,12045,Derbent,Russia
372,North,Cheek,1976.3.12,Male,ncheekab@netlog.com,+86 996 161 0056,2024.4.25,65 Hovde Pass,4203,Chinandega,Nicaragua
373,Maitilde,Lamport,1965.8.11,Female,mlamportac@dailymotion.com,+86 539 880 9353,2017.9.16,34 Eliot Terrace,51039,Forbach,France
374,Webster,Braam,1999.6.28,Male,wbraamad@yahoo.co.jp,+86 835 793 0957,2021.10.20,74 Maywood Hill,6519,Kurumoch,Russia
375,Geno,Lewzey,1944.8.23,Male,glewzeyae@purevolume.com,+63 636 417 5703,2022.1.15,8 Graceland Point,989-0842,Rushanzhai,China
376,Cassius,Euesden,1938.4.15,Male,ceuesdenaf@google.ru,+86 502 413 1798,2020.6.1,938 Hoard Plaza,41210,Jambangan,Indonesia
377,Corine,Mimmack,1973.4.11,Female,cmimmackag@boston.com,+33 799 553 4873,2016.1.3,7452 Starling Drive,90035,Pokrovskoye,Russia
378,Donalt,Heinig,1985.9.4,Male,dheinigah@sciencedaily.com,+7 622 657 8930,2017.10.31,05 Prairie Rose Drive,98829,Lakeland,United States
379,Priscilla,Bisacre,1948.4.3,Female,pbisacreai@google.pl,+86 458 951 9959,2016.3.7,50 Raven Place,5110,Douliu,Taiwan
380,Franklin,Struss,1991.7.8,Male,fstrussaj@lulu.com,+63 143 973 2573,2020.5.11,6 Old Gate Park,92191,Saint-Germain-en-Laye,France
381,Renaldo,Sawkins,1909.10.22,Male,rsawkinsak@redcross.org,+351 374 822 1406,2019.7.27,2 Morrow Pass,79404,Tukbur,Indonesia
382,Giuseppe,Hebble,1910.11.16,Male,ghebbleal@yellowpages.com,+86 565 153 8103,2018.11.25,000 Bobwhite Crossing,252257,Iwade,Japan
383,Celesta,Geekin,1961.6.11,Female,cgeekinam@list-manage.com,+48 366 828 2029,2018.11.13,562 Corscot Parkway,5260,Tangxi,China
384,Griffith,Agney,2003.4.10,Male,gagneyan@homestead.com,+86 167 800 6426,2022.4.14,8332 Sheridan Pass,58910,San Juan Nepomuceno,Colombia
385,Leopold,Southcomb,1960.3.17,Male,lsouthcombao@huffingtonpost.com,+86 124 706 4091,2024.4.12,418 1st Point,56-306,Krasnokumskoye,Russia
386,Dasya,Cottee,1902.12.6,Female,dcotteeap@usda.gov,+380 293 314 9160,2019.9.10,7831 Karstens Point,396340,Shuanglu,China
387,Elisa,Woolaghan,1982.1.26,Female,ewoolaghanaq@feedburner.com,+995 855 255 4628,2015.12.14,79393 Farwell Junction,10405,Sīnah,Iraq
388,Brand,Le Borgne,1985.9.24,Male,bleborgnear@twitpic.com,+48 466 924 3634,2016.1.9,93 Lukken Place,G6R,Jianshe,China
389,Benson,Chinnick,1991.6.27,Male,bchinnickas@ibm.com,+86 292 492 3135,2023.8.15,86 Village Green Center,88610,Soe,Indonesia
390,Gerri,Pizzey,1932.11.25,Female,gpizzeyat@illinois.edu,+20 356 749 0512,2020.5.11,17 Killdeer Street,96925,Xikou,China
391,Rockie,Syred,1992.2.11,Male,rsyredau@multiply.com,+81 852 706 5659,2020.8.1,4560 Service Way,936-0056,Mehtar Lām,Afghanistan
392,Vasilis,Snaddin,1937.11.1,Male,vsnaddinav@paginegialle.it,+51 717 676 4745,2016.7.2,72001 Rowland Place,1789,Charleroi,Belgium
393,Teddy,Maven,1987.8.9,Female,tmavenaw@purevolume.com,+7 922 997 1743,2020.7.20,2 Schlimgen Junction,96825,San Juan,Argentina
394,Stefano,Siflet,1956.9.13,Genderqueer,ssifletax@psu.edu,+57 423 688 4718,2022.1.11,375 Mcguire Circle,37270-000,Shuanglong,China
395,Alejoa,Ridulfo,1945.6.8,Male,aridulfoay@ezinearticles.com,+81 829 549 2980,2018.12.20,39 Fisk Court,44269,Quixadá,Brazil
396,Grethel,Harcarse,1941.2.19,Female,gharcarseaz@youtu.be,+62 455 754 1703,2016.2.6,10 Judy Junction,63580-000,Karlstad,Sweden
397,Hobie,Marskell,1963.12.15,Male,hmarskellb0@wiley.com,+86 826 195 4408,2024.2.12,0924 Farmco Avenue,71307,San Isidro,Mexico
398,Daloris,Scollard,1964.3.13,Female,dscollardb1@techcrunch.com,+7 857 795 8007,2020.1.31,9 Larry Trail,6306,Altunemil,China